,creditor,debtorAccountNumber,amount,bookingDate
0,Stadtreinigung Musterstadt,DE00999940000000001835,-65.22,2019-10-13 12:00:00+00:00
1,"Rundfunk ARD, ZDF, DRadio",DE00999940000000001835,-52.5,2019-10-13 12:00:00+00:00
2,PayPal Europe S.a.r.l. et C ie S.C.A,DE00999940000000001835,-62.45,2019-10-12 12:00:00+00:00
3,Deutsche Internet Apotheke,DE00999940000000001835,-49.26,2019-10-11 12:00:00+00:00
4,"DANKE, IHR LIDL",DE00999940000000001835,-78.13,2019-10-10 12:00:00+00:00
5,Telefonica Germany GmbH,DE00999940000000001835,-37.97,2019-10-09 12:00:00+00:00
6,PayPal Europe S.a.r.l. et C ie S.C.A,DE00999940000000001835,-7.31,2019-10-09 12:00:00+00:00
7,E.ON Energie Deutschland,DE00999940000000001835,-89.0,2019-10-07 12:00:00+00:00
8,VATTENFALL,DE00999940000000001835,-105.0,2019-10-05 12:00:00+00:00
9,2554 /W.HOYER KG,DE00999940000000001835,-69.45,2019-10-05 12:00:00+00:00
10,TOTAL DEUTSCHLAND GM,DE00999940000000001835,-54.68,2019-10-05 12:00:00+00:00
11,PayPal Europe S.a.r.l. et C ie S.C.A,DE00999940000000001835,-45.99,2019-10-05 12:00:00+00:00
12,BD24 BERLIN DIREKT,DE00999940000000001835,-48.0,2019-10-03 12:00:00+00:00
13,HEM-Musterstadt 76,DE00999940000000001835,-37.89,2019-10-03 12:00:00+00:00
14,ARAL AG,DE00999940000000001835,-56.76,2019-10-03 12:00:00+00:00
15,"AMAZON EU S.A R.L., NIEDERL ASSUNG DEUTSCHLAND",DE00999940000000001835,-42.75,2019-09-30 12:00:00+00:00
16,Musterstadter Wasserwerke,DE00999940000000001835,-33.0,2019-09-29 12:00:00+00:00
17,Max Mustermann,DE07760000000076001615,380.0,2019-09-29 12:00:00+00:00
18,DKV DEUTSCHE KRANKENVERS.AG 40198 DUESSELDORF,DE00999940000000001835,-232.07,2019-09-28 12:00:00+00:00
19,COSMOS Leben,DE00999940000000001835,-37.33,2019-09-28 12:00:00+00:00
20,CONTINENTALE/EUROPA VERBUND,DE00999940000000001835,-21.56,2019-09-28 12:00:00+00:00
21,BAYERISCHE BEAMTENKRANKENKA SSE AG,DE00999940000000001835,-478.39,2019-09-28 12:00:00+00:00
22,Shell Deutschland Oil GmbH,DE00999940000000001835,-27.45,2019-09-28 12:00:00+00:00
23,Itzehoer Versicherun,DE00999940000000001835,-41.07,2019-09-27 12:00:00+00:00
24,BUNDESKASSE IN KIEL,DE00999940000000001835,-148.0,2019-09-27 12:00:00+00:00
25,0,DE00999940000000001835,-60.0,2019-09-26 12:00:00+00:00
26,GWG Gesellschaft für Wohnun gs- und Gewerbebau Baden-Wü,DE00999940000000001835,-778.81,2019-09-25 12:00:00+00:00
27,PLAN INTERNATIONAL DEUTSCHL,DE00999940000000001835,-25.0,2019-09-25 12:00:00+00:00
28,Condor Lebensversicherungs- Aktiengesellschaft,DE00999940000000001835,-85.0,2019-09-25 12:00:00+00:00
29,"DANKE, IHR LIDL",DE00999940000000001835,-72.35,2019-09-25 12:00:00+00:00
30,HERM TS MOSBACH,DE00999940000000001835,-32.45,2019-09-24 12:00:00+00:00
31,Max Mustermann,DE93500500000090085135,260.56,2019-09-21 12:00:00+00:00
32,PayPal Europe S.a.r.l. et C ie S.C.A,DE00999940000000001835,-18.99,2019-09-21 12:00:00+00:00
33,Max Mustermann,DE40700202700865285884,3261.77,2019-09-20 12:00:00+00:00
34,Deutsche Tamoil GmbH,DE00999940000000001835,-48.73,2019-09-20 12:00:00+00:00
35,DETLEV LOUIS GMBH,DE00999940000000001835,-66.72,2019-09-13 12:00:00+00:00
36,TOTAL DEUTSCHLAND GM,DE00999940000000001835,-61.24,2019-09-12 12:00:00+00:00
37,PayPal Europe S.a.r.l. et C ie S.C.A,DE00999940000000001835,-23.45,2019-09-12 12:00:00+00:00
38,HAGEBAU Musterstadt DANKT,DE00999940000000001835,-26.48,2019-09-12 12:00:00+00:00
39,NKD,DE00999940000000001835,-29.99,2019-09-12 12:00:00+00:00
40,"EC-POS EMV  5 1 GEB.EU 0,00",DE00999940000000001835,-56.75,2019-09-11 12:00:00+00:00
41,Telefonica Germany GmbH,DE00999940000000001835,-37.97,2019-09-10 12:00:00+00:00
42,"DANKE, IHR LIDL",DE00999940000000001835,-49.56,2019-09-10 12:00:00+00:00
43,E.ON Energie Deutschland,DE00999940000000001835,-89.0,2019-09-08 12:00:00+00:00
44,PayPal Europe S.a.r.l. et C ie S.C.A,DE00999940000000001835,-18.99,2019-09-08 12:00:00+00:00
45,VATTENFALL,DE00999940000000001835,-105.0,2019-09-06 12:00:00+00:00
46,Shell Deutschland Oil GmbH,DE00999940000000001835,-45.31,2019-09-05 12:00:00+00:00
47,Generali Versicherungen,DE00999940000000001835,-8.44,2019-09-04 12:00:00+00:00
48,ARAL AG,DE00999940000000001835,-39.45,2019-09-02 12:00:00+00:00
49,Musterstadter Wasserwerke,DE00999940000000001835,-33.0,2019-08-29 12:00:00+00:00
50,Max Mustermann,DE07760000000076001615,380.0,2019-08-29 12:00:00+00:00
51,DKV DEUTSCHE KRANKENVERS.AG 40198 DUESSELDORF,DE00999940000000001835,-232.07,2019-08-28 12:00:00+00:00
52,COSMOS Leben,DE00999940000000001835,-37.33,2019-08-28 12:00:00+00:00
53,CONTINENTALE/EUROPA VERBUND,DE00999940000000001835,-21.56,2019-08-28 12:00:00+00:00
54,BAYERISCHE BEAMTENKRANKENKA SSE AG,DE00999940000000001835,-478.39,2019-08-28 12:00:00+00:00
55,Shell Deutschland Oil GmbH,DE00999940000000001835,-19.46,2019-08-27 12:00:00+00:00
56,"JET-TANK. 5229, OFFENAU",DE00999940000000001835,-23.54,2019-08-26 12:00:00+00:00
57,GWG Gesellschaft für Wohnun gs- und Gewerbebau Baden-Wü,DE00999940000000001835,-778.81,2019-08-25 12:00:00+00:00
58,PLAN INTERNATIONAL DEUTSCHL,DE00999940000000001835,-25.0,2019-08-25 12:00:00+00:00
59,Condor Lebensversicherungs- Aktiengesellschaft,DE00999940000000001835,-85.0,2019-08-25 12:00:00+00:00
60,0,DE00999940000000001835,-47.89,2019-08-21 12:00:00+00:00
61,Max Mustermann,DE40700202700865285884,3261.77,2019-08-20 12:00:00+00:00
62,2554 /W.HOYER KG,DE00999940000000001835,-89.75,2019-08-18 12:00:00+00:00
63,HERM TS MOSBACH,DE00999940000000001835,-23.59,2019-08-15 12:00:00+00:00
64,PayPal Europe S.a.r.l. et C ie S.C.A,DE00999940000000001835,-48.31,2019-08-15 12:00:00+00:00
65,HAGEBAU Musterstadt DANKT,DE00999940000000001835,-45.89,2019-08-15 12:00:00+00:00
66,Rene Muennich Neue Medien M uennich,DE00999940000000001835,-9.9,2019-08-13 12:00:00+00:00
67,HEM-Musterstadt 76,DE00999940000000001835,-14.75,2019-08-11 12:00:00+00:00
68,"DANKE, IHR LIDL",DE00999940000000001835,-22.56,2019-08-11 12:00:00+00:00
69,V PAY,DE00999940000000001835,-6.96,2019-08-11 12:00:00+00:00
70,Telefonica Germany GmbH,DE00999940000000001835,-37.97,2019-08-10 12:00:00+00:00
71,113 POLO-Musterstadt,DE00999940000000001835,-251.26,2019-08-10 12:00:00+00:00
72,Shell Deutschland Oil GmbH,DE00999940000000001835,-45.89,2019-08-09 12:00:00+00:00
73,E.ON Energie Deutschland,DE00999940000000001835,-89.0,2019-08-08 12:00:00+00:00
74,ARAL AG,DE00999940000000001835,-23.45,2019-08-08 12:00:00+00:00
75,VATTENFALL,DE00999940000000001835,-105.0,2019-08-06 12:00:00+00:00
76,C+A Musterstadt SF,DE00999940000000001835,-45.62,2019-08-05 12:00:00+00:00
77,C+A Musterstadt SF,DE00999940000000001835,-22.0,2019-08-05 12:00:00+00:00
78,TAMOIL GMBH,DE00999940000000001835,-69.12,2019-08-03 12:00:00+00:00
79,OIL TANKSTELLEN GMBH COKG,DE00999940000000001835,-26.45,2019-08-03 12:00:00+00:00
80,Musterstadter Wasserwerke,DE00999940000000001835,-33.0,2019-07-30 12:00:00+00:00
81,Max Mustermann,DE07760000000076001615,380.0,2019-07-30 12:00:00+00:00
82,DKV DEUTSCHE KRANKENVERS.AG 40198 DUESSELDORF,DE00999940000000001835,-232.07,2019-07-29 12:00:00+00:00
83,COSMOS Leben,DE00999940000000001835,-37.33,2019-07-29 12:00:00+00:00
84,CONTINENTALE/EUROPA VERBUND,DE00999940000000001835,-21.56,2019-07-29 12:00:00+00:00
85,BAYERISCHE BEAMTENKRANKENKA SSE AG,DE00999940000000001835,-478.39,2019-07-29 12:00:00+00:00
86,PENNY SAGT DANKE. 31300324,DE00999940000000001835,-19.89,2019-07-29 12:00:00+00:00
87,GWG Gesellschaft für Wohnun gs- und Gewerbebau Baden-Wü,DE00999940000000001835,-778.81,2019-07-26 12:00:00+00:00
88,PLAN INTERNATIONAL DEUTSCHL,DE00999940000000001835,-25.0,2019-07-26 12:00:00+00:00
89,Condor Lebensversicherungs- Aktiengesellschaft,DE00999940000000001835,-85.0,2019-07-26 12:00:00+00:00
90,TOTAL DEUTSCHLAND GM,DE00999940000000001835,-78.42,2019-07-26 12:00:00+00:00
91,ASV Service,DE00999940000000001835,-73.5,2019-07-25 12:00:00+00:00
92,Shell Deutschland Oil GmbH,DE00999940000000001835,-18.75,2019-07-25 12:00:00+00:00
93,"AMAZON EU S.A R.L., NIEDERL ASSUNG DEUTSCHLAND",DE00999940000000001835,-32.25,2019-07-24 12:00:00+00:00
94,Max Mustermann,DE40700202700865285884,3261.77,2019-07-21 12:00:00+00:00
95,DEICHMANN SCHUHE,DE00999940000000001835,-46.52,2019-07-21 12:00:00+00:00
96,113 POLO-Musterstadt,DE00999940000000001835,-16.49,2019-07-19 12:00:00+00:00
97,Die PVS SH - HH,DE00999940000000001835,-55.55,2019-07-18 12:00:00+00:00
98,Max Mustermann,DE37672917000020134909,65.99,2019-07-18 12:00:00+00:00
99,"EC-POS EMV  5 1 GEB.EU 0,00",DE00999940000000001835,-26.35,2019-07-16 12:00:00+00:00
100,ARAL AG,DE00999940000000001835,-36.87,2019-07-16 12:00:00+00:00
101,REWE Markt GmbH ZW,DE00999940000000001835,-76.53,2019-07-15 12:00:00+00:00
102,Stadtreinigung Musterstadt,DE00999940000000001835,-65.22,2019-07-14 12:00:00+00:00
103,"Rundfunk ARD, ZDF, DRadio",DE00999940000000001835,-52.5,2019-07-14 12:00:00+00:00
104,TOTAL DEUTSCHLAND GM,DE00999940000000001835,-48.12,2019-07-14 12:00:00+00:00
105,ARAL AG,DE00999940000000001835,-45.93,2019-07-12 12:00:00+00:00
106,GA NR00000959 BLZ70020270 5,DE00999940000000001835,-100.0,2019-07-12 12:00:00+00:00
107,Telefonica Germany GmbH,DE00999940000000001835,-37.97,2019-07-11 12:00:00+00:00
108,PayPal Europe S.a.r.l. et C ie S.C.A,DE00999940000000001835,-23.56,2019-07-11 12:00:00+00:00
109,E.ON Energie Deutschland,DE00999940000000001835,-89.0,2019-07-09 12:00:00+00:00
110,TAMOIL GMBH,DE00999940000000001835,-23.45,2019-07-09 12:00:00+00:00
111,Max Mustermann,DE37672917000020134909,20.78,2019-07-08 12:00:00+00:00
112,VATTENFALL,DE00999940000000001835,-105.0,2019-07-07 12:00:00+00:00
113,PayPal Europe S.a.r.l. et C ie S.C.A,DE00999940000000001835,-3.99,2019-07-06 12:00:00+00:00
114,GA NR00000959 BLZ70020270 5,DE00999940000000001835,-60.0,2019-07-03 12:00:00+00:00
115,0,DE00999940000000001835,-70.0,2019-07-02 12:00:00+00:00
116,PayPal Europe S.a.r.l. et C ie S.C.A,DE00999940000000001835,-75.16,2019-07-01 12:00:00+00:00
117,Musterstadter Wasserwerke,DE00999940000000001835,-33.0,2019-06-30 12:00:00+00:00
118,Max Mustermann,DE07760000000076001615,380.0,2019-06-30 12:00:00+00:00
119,DKV DEUTSCHE KRANKENVERS.AG 40198 DUESSELDORF,DE00999940000000001835,-232.07,2019-06-30 12:00:00+00:00
120,COSMOS Leben,DE00999940000000001835,-37.33,2019-06-30 12:00:00+00:00
121,CONTINENTALE/EUROPA VERBUND,DE00999940000000001835,-21.56,2019-06-30 12:00:00+00:00
122,BAYERISCHE BEAMTENKRANKENKA SSE AG,DE00999940000000001835,-478.39,2019-06-30 12:00:00+00:00
123,Q1 KAUFUNGEN,DE00999940000000001835,-67.2,2019-06-29 12:00:00+00:00
124,2520 - GETRÄNKE HOFFMANN,DE00999940000000001835,-30.97,2019-06-28 12:00:00+00:00
125,GWG Gesellschaft für Wohnun gs- und Gewerbebau Baden-Wü,DE00999940000000001835,-778.81,2019-06-27 12:00:00+00:00
126,PLAN INTERNATIONAL DEUTSCHL,DE00999940000000001835,-25.0,2019-06-27 12:00:00+00:00
127,Condor Lebensversicherungs- Aktiengesellschaft,DE00999940000000001835,-85.0,2019-06-27 12:00:00+00:00
128,HUK Coburg,DE00999940000000001835,-212.99,2019-06-27 12:00:00+00:00
129,PENNY SAGT DANKE. 31300324,DE00999940000000001835,-32.45,2019-06-26 12:00:00+00:00
130,Die PVS SH - HH,DE00999940000000001835,-55.55,2019-06-26 12:00:00+00:00
131,Deutsche Internet Apotheke,DE00999940000000001835,-13.99,2019-06-26 12:00:00+00:00
132,Max Mustermann,DE40700202700865285884,3261.77,2019-06-22 12:00:00+00:00
133,PayPal Europe S.a.r.l. et C ie S.C.A,DE00999940000000001835,-18.45,2019-06-22 12:00:00+00:00
134,RAIFF TS DOEMNITZ,DE00999940000000001835,-14.63,2019-06-21 12:00:00+00:00
135,Shell Deutschland Oil GmbH,DE00999940000000001835,-76.42,2019-06-20 12:00:00+00:00
136,A.T.U AUTO-TEILE-UNGER,DE00999940000000001835,-12.99,2019-06-19 12:00:00+00:00
137,Vorwerk Deutschland,DE00999940000000001835,-18.0,2019-06-18 12:00:00+00:00
138,OPTIKER BODE GMBH,DE00999940000000001835,-12.0,2019-06-16 12:00:00+00:00
139,Shell Deutschland Oil GmbH,DE00999940000000001835,-13.93,2019-06-16 12:00:00+00:00
140,TOTAL DEUTSCHLAND GM,DE00999940000000001835,-49.15,2019-06-14 12:00:00+00:00
141,PayPal Europe S.a.r.l. et C ie S.C.A,DE00999940000000001835,-35.95,2019-06-14 12:00:00+00:00
142,GO-Musterstadt 627,DE00999940000000001835,-17.89,2019-06-14 12:00:00+00:00
143,Telefonica Germany GmbH,DE00999940000000001835,-37.97,2019-06-12 12:00:00+00:00
144,ARAL AG,DE00999940000000001835,-14.62,2019-06-11 12:00:00+00:00
145,E.ON Energie Deutschland,DE00999940000000001835,-89.0,2019-06-10 12:00:00+00:00
146,GO-Musterstadt 627,DE00999940000000001835,-15.23,2019-06-10 12:00:00+00:00
147,TAMOIL GMBH,DE00999940000000001835,-67.7,2019-06-10 12:00:00+00:00
148,PayPal Europe S.a.r.l. et C ie S.C.A,DE00999940000000001835,-17.6,2019-06-09 12:00:00+00:00
149,VATTENFALL,DE00999940000000001835,-105.0,2019-06-08 12:00:00+00:00
150,PENNY SAGT DANKE. 31300324,DE00999940000000001835,-30.14,2019-06-08 12:00:00+00:00
151,Shell Deutschland Oil GmbH,DE00999940000000001835,-35.85,2019-06-07 12:00:00+00:00
152,Q1 KAUFUNGEN,DE00999940000000001835,-48.54,2019-06-07 12:00:00+00:00
153,TAMOIL GMBH,DE00999940000000001835,-26.45,2019-06-05 12:00:00+00:00
154,"AMAZON EU S.A R.L., NIEDERL ASSUNG DEUTSCHLAND",DE00999940000000001835,-22.99,2019-06-05 12:00:00+00:00
155,Deutsche Tamoil GmbH,DE00999940000000001835,-54.25,2019-06-03 12:00:00+00:00
156,PayPal Europe S.a.r.l. et C ie S.C.A,DE00999940000000001835,-23.99,2019-06-02 12:00:00+00:00
157,Musterstadter Wasserwerke,DE00999940000000001835,-33.0,2019-06-01 12:00:00+00:00
158,Max Mustermann,DE07760000000076001615,380.0,2019-06-01 12:00:00+00:00
159,DKV DEUTSCHE KRANKENVERS.AG 40198 DUESSELDORF,DE00999940000000001835,-232.07,2019-05-30 12:00:00+00:00
160,COSMOS Leben,DE00999940000000001835,-37.33,2019-05-30 12:00:00+00:00
161,CONTINENTALE/EUROPA VERBUND,DE00999940000000001835,-21.56,2019-05-30 12:00:00+00:00
162,BAYERISCHE BEAMTENKRANKENKA SSE AG,DE00999940000000001835,-478.39,2019-05-30 12:00:00+00:00
163,Max Mustermann,DE44370100500197000507,1267.31,2019-05-29 12:00:00+00:00
164,ROSSMANN VIELEN DANK,DE00999940000000001835,-42.68,2019-05-28 12:00:00+00:00
165,NKD,DE00999940000000001835,-24.56,2019-05-28 12:00:00+00:00
166,0,DE00999940000000001835,-60.0,2019-05-28 12:00:00+00:00
167,GWG Gesellschaft für Wohnun gs- und Gewerbebau Baden-Wü,DE00999940000000001835,-778.81,2019-05-27 12:00:00+00:00
168,PLAN INTERNATIONAL DEUTSCHL,DE00999940000000001835,-25.0,2019-05-27 12:00:00+00:00
169,Condor Lebensversicherungs- Aktiengesellschaft,DE00999940000000001835,-85.0,2019-05-27 12:00:00+00:00
170,Max Mustermann,DE37672917000020134909,25.48,2019-05-23 12:00:00+00:00
171,Shell Deutschland Oil GmbH,DE00999940000000001835,-52.64,2019-05-23 12:00:00+00:00
172,0,DE00999940000000001835,-70.0,2019-05-23 12:00:00+00:00
173,Max Mustermann,DE40700202700865285884,3261.77,2019-05-22 12:00:00+00:00
174,0,DE00999940000000001835,-60.0,2019-05-22 12:00:00+00:00
175,POLO Shop Musterstadt,DE00999940000000001835,-74.65,2019-05-21 12:00:00+00:00
176,Q1 KAUFUNGEN,DE00999940000000001835,-102.56,2019-05-21 12:00:00+00:00
177,"AMAZON EU S.A R.L., NIEDERL ASSUNG DEUTSCHLAND",DE00999940000000001835,-49.0,2019-05-20 12:00:00+00:00
178,0,DE00999940000000001835,-50.0,2019-05-18 12:00:00+00:00
179,V PAY,DE00999940000000001835,-7.54,2019-05-17 12:00:00+00:00
180,0,DE00999940000000001835,-60.0,2019-05-15 12:00:00+00:00
181,Telefonica Germany GmbH,DE00999940000000001835,-37.97,2019-05-12 12:00:00+00:00
182,OPTIKER BODE GMBH,DE00999940000000001835,-25.0,2019-05-12 12:00:00+00:00
183,113 POLO-Musterstadt,DE00999940000000001835,-25.93,2019-05-11 12:00:00+00:00
184,E.ON Energie Deutschland,DE00999940000000001835,-89.0,2019-05-10 12:00:00+00:00
185,PayPal Europe S.a.r.l. et C ie S.C.A,DE00999940000000001835,-35.99,2019-05-10 12:00:00+00:00
186,Deutsche Tamoil GmbH,DE00999940000000001835,-25.46,2019-05-09 12:00:00+00:00
187,NORMA SAGT DANKE,DE00999940000000001835,-62.58,2019-05-09 12:00:00+00:00
188,VATTENFALL,DE00999940000000001835,-105.0,2019-05-08 12:00:00+00:00
189,PayPal Europe S.a.r.l. et C ie S.C.A,DE00999940000000001835,-32.99,2019-05-07 12:00:00+00:00
190,UniCredit Bank AG,DE00999940000000001835,-50.0,2019-05-05 12:00:00+00:00
191,POLO Shop Musterstadt,DE00999940000000001835,-98.98,2019-05-05 12:00:00+00:00
192,mediserv GmbH,DE00999940000000001835,-62.55,2019-05-03 12:00:00+00:00
193,Die PVS SH - HH,DE00999940000000001835,-55.55,2019-05-03 12:00:00+00:00
194,Asklepios Klinik Musterstadt,DE00999940000000001835,-63.13,2019-05-02 12:00:00+00:00
195,Musterstadter Wasserwerke,DE00999940000000001835,-33.0,2019-05-01 12:00:00+00:00
196,Max Mustermann,DE07760000000076001615,380.0,2019-05-01 12:00:00+00:00
197,DKV DEUTSCHE KRANKENVERS.AG 40198 DUESSELDORF,DE00999940000000001835,-232.07,2019-04-30 12:00:00+00:00
198,COSMOS Leben,DE00999940000000001835,-37.33,2019-04-30 12:00:00+00:00
199,CONTINENTALE/EUROPA VERBUND,DE00999940000000001835,-21.56,2019-04-30 12:00:00+00:00
200,BAYERISCHE BEAMTENKRANKENKA SSE AG,DE00999940000000001835,-478.39,2019-04-30 12:00:00+00:00
201,TAMOIL GMBH,DE00999940000000001835,-49.56,2019-04-30 12:00:00+00:00
202,HAGEBAU Musterstadt DANKT,DE00999940000000001835,-18.99,2019-04-30 12:00:00+00:00
203,GWG Gesellschaft für Wohnun gs- und Gewerbebau Baden-Wü,DE00999940000000001835,-778.81,2019-04-28 12:00:00+00:00
204,PLAN INTERNATIONAL DEUTSCHL,DE00999940000000001835,-25.0,2019-04-28 12:00:00+00:00
205,Condor Lebensversicherungs- Aktiengesellschaft,DE00999940000000001835,-85.0,2019-04-28 12:00:00+00:00
206,Q1 KAUFUNGEN,DE00999940000000001835,-45.87,2019-04-26 12:00:00+00:00
207,0,DE00999940000000001835,-70.0,2019-04-24 12:00:00+00:00
208,Max Mustermann,DE40700202700865285884,3261.77,2019-04-23 12:00:00+00:00
209,Shell Deutschland Oil GmbH,DE00999940000000001835,-69.74,2019-04-23 12:00:00+00:00
210,ARAL AG,DE00999940000000001835,-12.33,2019-04-22 12:00:00+00:00
211,TOTAL DEUTSCHLAND GM,DE00999940000000001835,-59.87,2019-04-18 12:00:00+00:00
212,C+A Musterstadt SF,DE00999940000000001835,-45.85,2019-04-18 12:00:00+00:00
213,PENNY SAGT DANKE. 31300324,DE00999940000000001835,-42.15,2019-04-18 12:00:00+00:00
214,REWE Markt GmbH ZW,DE00999940000000001835,-54.66,2019-04-16 12:00:00+00:00
215,TAMOIL GMBH,DE00999940000000001835,-58.12,2019-04-16 12:00:00+00:00
216,Stadtreinigung Musterstadt,DE00999940000000001835,-65.22,2019-04-15 12:00:00+00:00
217,"Rundfunk ARD, ZDF, DRadio",DE00999940000000001835,-52.5,2019-04-15 12:00:00+00:00
218,unimed,DE00999940000000001835,-19.23,2019-04-14 12:00:00+00:00
219,Telefonica Germany GmbH,DE00999940000000001835,-37.97,2019-04-13 12:00:00+00:00
220,E.ON Energie Deutschland,DE00999940000000001835,-89.0,2019-04-11 12:00:00+00:00
221,PayPal Europe S.a.r.l. et C ie S.C.A,DE00999940000000001835,-34.33,2019-04-10 12:00:00+00:00
222,VATTENFALL,DE00999940000000001835,-105.0,2019-04-09 12:00:00+00:00
223,CHARLES VOEGELE MODE,DE00999940000000001835,-62.75,2019-04-09 12:00:00+00:00
224,Deutsche Internet Apotheke,DE00999940000000001835,-42.87,2019-04-08 12:00:00+00:00
225,Shell Deutschland Oil GmbH,DE00999940000000001835,-12.45,2019-04-08 12:00:00+00:00
226,0,DE00999940000000001835,-75.0,2019-04-08 12:00:00+00:00
227,0,DE00999940000000001835,-60.0,2019-04-07 12:00:00+00:00
228,"DANKE, IHR LIDL",DE00999940000000001835,-45.82,2019-04-06 12:00:00+00:00
229,BAUHAUS Musterstadt,DE00999940000000001835,-28.99,2019-04-05 12:00:00+00:00
230,BD24 BERLIN DIREKT,DE00999940000000001835,-48.0,2019-04-04 12:00:00+00:00
231,mediserv GmbH,DE00999940000000001835,-62.55,2019-04-03 12:00:00+00:00
232,Musterstadter Wasserwerke,DE00999940000000001835,-33.0,2019-04-02 12:00:00+00:00
233,Max Mustermann,DE07760000000076001615,380.0,2019-04-02 12:00:00+00:00
234,HEM-Musterstadt 76,DE00999940000000001835,-27.45,2019-04-02 12:00:00+00:00
235,DKV DEUTSCHE KRANKENVERS.AG 40198 DUESSELDORF,DE00999940000000001835,-232.07,2019-04-01 12:00:00+00:00
236,COSMOS Leben,DE00999940000000001835,-37.33,2019-04-01 12:00:00+00:00
237,CONTINENTALE/EUROPA VERBUND,DE00999940000000001835,-21.56,2019-04-01 12:00:00+00:00
238,BAYERISCHE BEAMTENKRANKENKA SSE AG,DE00999940000000001835,-478.39,2019-04-01 12:00:00+00:00
239,2554 /W.HOYER KG,DE00999940000000001835,-62.45,2019-04-01 12:00:00+00:00
240,OPTIKER BODE GMBH,DE00999940000000001835,-110.0,2019-03-30 12:00:00+00:00
241,NKD,DE00999940000000001835,-32.45,2019-03-29 12:00:00+00:00
242,GWG Gesellschaft für Wohnun gs- und Gewerbebau Baden-Wü,DE00999940000000001835,-778.81,2019-03-28 12:00:00+00:00
243,PLAN INTERNATIONAL DEUTSCHL,DE00999940000000001835,-25.0,2019-03-28 12:00:00+00:00
244,Condor Lebensversicherungs- Aktiengesellschaft,DE00999940000000001835,-85.0,2019-03-28 12:00:00+00:00
245,"AMAZON EU S.A R.L., NIEDERL ASSUNG DEUTSCHLAND",DE00999940000000001835,-19.99,2019-03-28 12:00:00+00:00
246,Max Mustermann,DE40700202700865285884,3261.77,2019-03-23 12:00:00+00:00
247,PayPal Europe S.a.r.l. et C ie S.C.A,DE00999940000000001835,-18.94,2019-03-23 12:00:00+00:00
248,PayPal Europe S.a.r.l. et C ie S.C.A,DE00999940000000001835,-40.52,2019-03-23 12:00:00+00:00
249,"DANKE, IHR LIDL",DE00999940000000001835,-82.33,2019-03-22 12:00:00+00:00
250,ROSSMANN VIELEN DANK,DE00999940000000001835,-48.26,2019-03-22 12:00:00+00:00
251,ARAL AG,DE00999940000000001835,-34.56,2019-03-21 12:00:00+00:00
252,NORMA SAGT DANKE,DE00999940000000001835,-89.75,2019-03-20 12:00:00+00:00
253,GA NR00000959 BLZ70020270 5,DE00999940000000001835,-60.0,2019-03-20 12:00:00+00:00
254,PayPal Europe S.a.r.l. et C ie S.C.A,DE00999940000000001835,-12.33,2019-03-16 12:00:00+00:00
255,A.T.U AUTO-TEILE-UNGER,DE00999940000000001835,-42.98,2019-03-16 12:00:00+00:00
256,Penny Musterstadt,DE00999940000000001835,-19.45,2019-03-15 12:00:00+00:00
257,Telefonica Germany GmbH,DE00999940000000001835,-37.97,2019-03-13 12:00:00+00:00
258,UniCredit Bank AG,DE00999940000000001835,-50.0,2019-03-12 12:00:00+00:00
259,"AMAZON EU S.A R.L., NIEDERL ASSUNG DEUTSCHLAND",DE00999940000000001835,-32.45,2019-03-12 12:00:00+00:00
260,E.ON Energie Deutschland,DE00999940000000001835,-89.0,2019-03-11 12:00:00+00:00
261,Max Mustermann,DE37672917000020134909,12.99,2019-03-10 12:00:00+00:00
262,VATTENFALL,DE00999940000000001835,-105.0,2019-03-09 12:00:00+00:00
263,PayPal Europe S.a.r.l. et C ie S.C.A,DE00999940000000001835,-12.45,2019-03-09 12:00:00+00:00
264,OIL TANKSTELLEN GMBH COKG,DE00999940000000001835,-5.86,2019-03-09 12:00:00+00:00
265,UniCredit Bank AG,DE00999940000000001835,-70.0,2019-03-08 12:00:00+00:00
266,CHARLES VOEGELE MODE,DE00999940000000001835,-30.95,2019-03-06 12:00:00+00:00
267,HERZ-APOTHEKE IM RIKO,DE00999940000000001835,-12.45,2019-03-05 12:00:00+00:00
268,IKEA 325 Musterstadt,DE00999940000000001835,-19.99,2019-03-03 12:00:00+00:00
269,Musterstadter Wasserwerke,DE00999940000000001835,-33.0,2019-03-02 12:00:00+00:00
270,Max Mustermann,DE07760000000076001615,380.0,2019-03-02 12:00:00+00:00
271,DKV DEUTSCHE KRANKENVERS.AG 40198 DUESSELDORF,DE00999940000000001835,-232.07,2019-03-01 12:00:00+00:00
272,COSMOS Leben,DE00999940000000001835,-37.33,2019-03-01 12:00:00+00:00
273,CONTINENTALE/EUROPA VERBUND,DE00999940000000001835,-21.56,2019-03-01 12:00:00+00:00
274,BAYERISCHE BEAMTENKRANKENKA SSE AG,DE00999940000000001835,-478.39,2019-03-01 12:00:00+00:00
275,HAUPTBAHNHOF APOTHEKE,DE00999940000000001835,-17.56,2019-02-28 12:00:00+00:00
276,GWG Gesellschaft für Wohnun gs- und Gewerbebau Baden-Wü,DE00999940000000001835,-778.81,2019-02-28 12:00:00+00:00
277,PLAN INTERNATIONAL DEUTSCHL,DE00999940000000001835,-25.0,2019-02-28 12:00:00+00:00
278,Condor Lebensversicherungs- Aktiengesellschaft,DE00999940000000001835,-85.0,2019-02-28 12:00:00+00:00
279,"EC-POS EMV  5 1 GEB.EU 0,00",DE00999940000000001835,-24.86,2019-02-26 12:00:00+00:00
280,TKMAXX Musterstadt,DE00999940000000001835,-52.15,2019-02-25 12:00:00+00:00
281,Max Mustermann,DE40700202700865285884,3261.77,2019-02-24 12:00:00+00:00
282,Q1 KAUFUNGEN,DE00999940000000001835,-76.21,2019-02-24 12:00:00+00:00
283,PayPal Europe S.a.r.l. et C ie S.C.A,DE00999940000000001835,-23.56,2019-02-23 12:00:00+00:00
284,"EC-POS EMV  5 1 GEB.EU 0,00",DE00999940000000001835,-42.15,2019-02-23 12:00:00+00:00
285,Deutsche Tamoil GmbH,DE00999940000000001835,-32.46,2019-02-21 12:00:00+00:00
286,UniCredit Bank AG,DE00999940000000001835,-100.0,2019-02-21 12:00:00+00:00
287,TIGER Musterstadt- EURER,DE00999940000000001835,-72.56,2019-02-21 12:00:00+00:00
288,Shell Deutschland Oil GmbH,DE00999940000000001835,-54.66,2019-02-19 12:00:00+00:00
289,IKEA 325 Musterstadt,DE00999940000000001835,-78.25,2019-02-19 12:00:00+00:00
290,OPTIKER BODE GMBH,DE00999940000000001835,-25.0,2019-02-17 12:00:00+00:00
291,MODEHAUS MUELLER,DE00999940000000001835,-62.53,2019-02-16 12:00:00+00:00
292,V PAY,DE00999940000000001835,-25.46,2019-02-16 12:00:00+00:00
293,Telefonica Germany GmbH,DE00999940000000001835,-37.97,2019-02-14 12:00:00+00:00
294,E.ON Energie Deutschland,DE00999940000000001835,-89.0,2019-02-12 12:00:00+00:00
295,VATTENFALL,DE00999940000000001835,-105.0,2019-02-10 12:00:00+00:00
296,"DANKE, IHR LIDL",DE00999940000000001835,-55.87,2019-02-09 12:00:00+00:00
297,ROSSMANN VIELEN DANK,DE00999940000000001835,-52.64,2019-02-09 12:00:00+00:00
298,0,DE00999940000000001835,-6.0,2019-02-07 12:00:00+00:00
299,Alraune gGmbH,DE00999940000000001835,-20.0,2019-02-06 12:00:00+00:00
300,TOTAL DEUTSCHLAND GM,DE00999940000000001835,-48.42,2019-02-05 12:00:00+00:00
301,Musterstadter Wasserwerke,DE00999940000000001835,-33.0,2019-02-03 12:00:00+00:00
302,Max Mustermann,DE07760000000076001615,380.0,2019-02-03 12:00:00+00:00
303,mediserv GmbH,DE00999940000000001835,-62.55,2019-02-03 12:00:00+00:00
304,2554 /W.HOYER KG,DE00999940000000001835,-47.25,2019-02-03 12:00:00+00:00
305,DKV DEUTSCHE KRANKENVERS.AG 40198 DUESSELDORF,DE00999940000000001835,-232.07,2019-02-02 12:00:00+00:00
306,COSMOS Leben,DE00999940000000001835,-37.33,2019-02-02 12:00:00+00:00
307,CONTINENTALE/EUROPA VERBUND,DE00999940000000001835,-21.56,2019-02-02 12:00:00+00:00
308,BAYERISCHE BEAMTENKRANKENKA SSE AG,DE00999940000000001835,-478.39,2019-02-02 12:00:00+00:00
309,HAGEBAU Musterstadt DANKT,DE00999940000000001835,-13.99,2019-02-02 12:00:00+00:00
310,DETLEV LOUIS GMBH,DE00999940000000001835,-278.82,2019-02-02 12:00:00+00:00
311,Shell Deutschland Oil GmbH,DE00999940000000001835,-26.45,2019-02-02 12:00:00+00:00
312,Bayerische Beamten Versiche rung AG,DE00999940000000001835,-68.1,2019-02-01 12:00:00+00:00
313,"AMAZON EU S.A R.L., NIEDERL ASSUNG DEUTSCHLAND",DE00999940000000001835,-37.25,2019-02-01 12:00:00+00:00
314,PENNY SAGT DANKE. 31300324,DE00999940000000001835,-19.85,2019-02-01 12:00:00+00:00
315,IKEA 325 Musterstadt,DE00999940000000001835,-65.99,2019-02-01 12:00:00+00:00
316,GWG Gesellschaft für Wohnun gs- und Gewerbebau Baden-Wü,DE00999940000000001835,-778.81,2019-01-28 12:00:00+00:00
317,PLAN INTERNATIONAL DEUTSCHL,DE00999940000000001835,-25.0,2019-01-28 12:00:00+00:00
318,Condor Lebensversicherungs- Aktiengesellschaft,DE00999940000000001835,-85.0,2019-01-28 12:00:00+00:00
319,TIGER Musterstadt- EURER,DE00999940000000001835,-32.99,2019-01-28 12:00:00+00:00
320,Max Mustermann,DE40700202700865285884,3261.77,2019-01-23 12:00:00+00:00
321,TOTAL DEUTSCHLAND GM,DE00999940000000001835,-75.42,2019-01-23 12:00:00+00:00
322,HERM TS MOSBACH,DE00999940000000001835,-42.56,2019-01-23 12:00:00+00:00
323,Deutsche Tamoil GmbH,DE00999940000000001835,-32.45,2019-01-20 12:00:00+00:00
324,0,DE00999940000000001835,-45.26,2019-01-19 12:00:00+00:00
325,Stadtreinigung Musterstadt,DE00999940000000001835,-65.22,2019-01-14 12:00:00+00:00
326,"Rundfunk ARD, ZDF, DRadio",DE00999940000000001835,-52.5,2019-01-14 12:00:00+00:00
327,DETLEV LOUIS GMBH,DE00999940000000001835,-135.99,2019-01-14 12:00:00+00:00
328,A.T.U AUTO-TEILE-UNGER,DE00999940000000001835,-32.99,2019-01-14 12:00:00+00:00
329,Telefonica Germany GmbH,DE00999940000000001835,-37.97,2019-01-13 12:00:00+00:00
330,IKEA 325 Musterstadt,DE00999940000000001835,-42.56,2019-01-13 12:00:00+00:00
331,"AMAZON EU S.A R.L., NIEDERL ASSUNG DEUTSCHLAND",DE00999940000000001835,-29.98,2019-01-12 12:00:00+00:00
332,RENO SCHUH GMBH FIL.1411,DE00999940000000001835,-22.99,2019-01-12 12:00:00+00:00
333,E.ON Energie Deutschland,DE00999940000000001835,-89.0,2019-01-11 12:00:00+00:00
334,VATTENFALL,DE00999940000000001835,-105.0,2019-01-09 12:00:00+00:00
335,ARAL AG,DE00999940000000001835,-43.25,2019-01-09 12:00:00+00:00
336,0,DE00999940000000001835,-60.0,2019-01-08 12:00:00+00:00
337,Penny Musterstadt,DE00999940000000001835,-12.43,2019-01-08 12:00:00+00:00
338,Q1 KAUFUNGEN,DE00999940000000001835,-58.46,2019-01-06 12:00:00+00:00
339,ARAL AG,DE00999940000000001835,-62.54,2019-01-06 12:00:00+00:00
340,DETLEV LOUIS GMBH,DE00999940000000001835,-56.99,2019-01-05 12:00:00+00:00
341,PayPal Europe S.a.r.l. et C ie S.C.A,DE00999940000000001835,-29.56,2019-01-03 12:00:00+00:00
342,Musterstadter Wasserwerke,DE00999940000000001835,-33.0,2019-01-02 12:00:00+00:00
343,Max Mustermann,DE07760000000076001615,380.0,2019-01-02 12:00:00+00:00
344,Max Mustermann,DE03200000000020001530,1075.98,2019-01-02 12:00:00+00:00
345,GA NR00000959 BLZ70020270 5,DE00999940000000001835,-30.0,2019-01-02 12:00:00+00:00
346,GO-Musterstadt 627,DE00999940000000001835,-24.89,2019-01-02 12:00:00+00:00
347,DKV DEUTSCHE KRANKENVERS.AG 40198 DUESSELDORF,DE00999940000000001835,-232.07,2019-01-01 12:00:00+00:00
348,COSMOS Leben,DE00999940000000001835,-37.33,2019-01-01 12:00:00+00:00
349,CONTINENTALE/EUROPA VERBUND,DE00999940000000001835,-21.56,2019-01-01 12:00:00+00:00
350,BAYERISCHE BEAMTENKRANKENKA SSE AG,DE00999940000000001835,-478.39,2019-01-01 12:00:00+00:00
351,"AMAZON EU S.A R.L., NIEDERL ASSUNG DEUTSCHLAND",DE00999940000000001835,-19.99,2019-01-01 12:00:00+00:00
352,Shell Deutschland Oil GmbH,DE00999940000000001835,-72.56,2018-12-30 12:00:00+00:00
353,GWG Gesellschaft für Wohnun gs- und Gewerbebau Baden-Wü,DE00999940000000001835,-778.81,2018-12-29 12:00:00+00:00
354,PLAN INTERNATIONAL DEUTSCHL,DE00999940000000001835,-25.0,2018-12-29 12:00:00+00:00
355,Condor Lebensversicherungs- Aktiengesellschaft,DE00999940000000001835,-85.0,2018-12-29 12:00:00+00:00
356,0,DE00999940000000001835,-63.24,2018-12-25 12:00:00+00:00
357,Max Mustermann,DE40700202700865285884,3261.77,2018-12-24 12:00:00+00:00
358,"AMAZON EU S.A R.L., NIEDERL ASSUNG DEUTSCHLAND",DE00999940000000001835,-34.99,2018-12-24 12:00:00+00:00
359,"DANKE, IHR LIDL",DE00999940000000001835,-37.89,2018-12-23 12:00:00+00:00
360,GA NR00000959 BLZ70020270 5,DE00999940000000001835,-70.0,2018-12-21 12:00:00+00:00
361,Max Mustermann,DE37672917000020134909,42.15,2018-12-21 12:00:00+00:00
362,GHV DARMSTADT,DE00999940000000001835,-119.83,2018-12-20 12:00:00+00:00
363,TKMAXX Musterstadt,DE00999940000000001835,-56.49,2018-12-18 12:00:00+00:00
364,MODEHAUS MUELLER,DE00999940000000001835,-18.99,2018-12-16 12:00:00+00:00
365,Telefonica Germany GmbH,DE00999940000000001835,-37.97,2018-12-14 12:00:00+00:00
366,E.ON Energie Deutschland,DE00999940000000001835,-89.0,2018-12-12 12:00:00+00:00
367,POLO Shop Musterstadt,DE00999940000000001835,-48.62,2018-12-12 12:00:00+00:00
368,Musterstadter Feuerkasse,DE00999940000000001835,-242.03,2018-12-11 12:00:00+00:00
369,RENO SCHUH GMBH FIL.1411,DE00999940000000001835,-27.99,2018-12-11 12:00:00+00:00
370,VATTENFALL,DE00999940000000001835,-105.0,2018-12-10 12:00:00+00:00
371,PayPal Europe S.a.r.l. et C ie S.C.A,DE00999940000000001835,-74.31,2018-12-10 12:00:00+00:00
372,HAGEBAU Musterstadt DANKT,DE00999940000000001835,-27.93,2018-12-09 12:00:00+00:00
373,2554 /W.HOYER KG,DE00999940000000001835,-45.98,2018-12-09 12:00:00+00:00
374,"JET-TANK. 5229, OFFENAU",DE00999940000000001835,-56.25,2018-12-08 12:00:00+00:00
375,OIL TANKSTELLEN GMBH COKG,DE00999940000000001835,-9.45,2018-12-07 12:00:00+00:00
376,PayPal Europe S.a.r.l. et C ie S.C.A,DE00999940000000001835,-34.33,2018-12-05 12:00:00+00:00
377,ACE-WIRTSCHAFTSDIENST GMBH,DE00999940000000001835,-62.8,2018-12-04 12:00:00+00:00
378,Musterstadter Wasserwerke,DE00999940000000001835,-33.0,2018-12-03 12:00:00+00:00
379,Max Mustermann,DE07760000000076001615,380.0,2018-12-03 12:00:00+00:00
380,DKV DEUTSCHE KRANKENVERS.AG 40198 DUESSELDORF,DE00999940000000001835,-232.07,2018-12-02 12:00:00+00:00
381,COSMOS Leben,DE00999940000000001835,-37.33,2018-12-02 12:00:00+00:00
382,CONTINENTALE/EUROPA VERBUND,DE00999940000000001835,-21.56,2018-12-02 12:00:00+00:00
383,BAYERISCHE BEAMTENKRANKENKA SSE AG,DE00999940000000001835,-478.39,2018-12-02 12:00:00+00:00
384,Alraune gGmbH,DE00999940000000001835,-20.0,2018-12-02 12:00:00+00:00
385,GWG Gesellschaft für Wohnun gs- und Gewerbebau Baden-Wü,DE00999940000000001835,-778.81,2018-11-30 12:00:00+00:00
386,PLAN INTERNATIONAL DEUTSCHL,DE00999940000000001835,-25.0,2018-11-30 12:00:00+00:00
387,Condor Lebensversicherungs- Aktiengesellschaft,DE00999940000000001835,-85.0,2018-11-30 12:00:00+00:00
388,TKMAXX Musterstadt,DE00999940000000001835,-22.98,2018-11-30 12:00:00+00:00
389,unimed,DE00999940000000001835,-19.23,2018-11-30 12:00:00+00:00
390,PayPal Europe S.a.r.l. et C ie S.C.A,DE00999940000000001835,-5.99,2018-11-29 12:00:00+00:00
391,POLO Shop Musterstadt,DE00999940000000001835,-105.94,2018-11-29 12:00:00+00:00
392,ARAL AG,DE00999940000000001835,-23.45,2018-11-29 12:00:00+00:00
393,HERZ-APOTHEKE IM RIKO,DE00999940000000001835,-13.51,2018-11-29 12:00:00+00:00
394,PayPal Europe S.a.r.l. et C ie S.C.A,DE00999940000000001835,-32.5,2018-11-29 12:00:00+00:00
395,113 POLO-Musterstadt,DE00999940000000001835,-18.44,2018-11-28 12:00:00+00:00
396,OIL TANKSTELLEN GMBH COKG,DE00999940000000001835,-6.96,2018-11-28 12:00:00+00:00
397,NORMA SAGT DANKE,DE00999940000000001835,-67.23,2018-11-28 12:00:00+00:00
398,NORMA SAGT DANKE,DE00999940000000001835,-27.35,2018-11-28 12:00:00+00:00
399,PayPal Europe S.a.r.l. et C ie S.C.A,DE00999940000000001835,-18.99,2018-11-28 12:00:00+00:00
400,A.T.U AUTO-TEILE-UNGER,DE00999940000000001835,-35.98,2018-11-27 12:00:00+00:00
401,"DANKE, IHR LIDL",DE00999940000000001835,-52.18,2018-11-27 12:00:00+00:00
402,TAMOIL GMBH,DE00999940000000001835,-14.4,2018-11-27 12:00:00+00:00
403,REWE Markt GmbH ZW,DE00999940000000001835,-24.32,2018-11-27 12:00:00+00:00
404,RENO SCHUH GMBH FIL.1411,DE00999940000000001835,-47.89,2018-11-26 12:00:00+00:00
405,RAIFF TS DOEMNITZ,DE00999940000000001835,-14.63,2018-11-26 12:00:00+00:00
406,ARAL AG,DE00999940000000001835,-43.82,2018-11-26 12:00:00+00:00
407,PayPal Europe S.a.r.l. et C ie S.C.A,DE00999940000000001835,-29.99,2018-11-26 12:00:00+00:00
408,Max Mustermann,DE40700202700865285884,3261.77,2018-11-25 12:00:00+00:00
409,BAUHAUS Musterstadt,DE00999940000000001835,-47.89,2018-11-25 12:00:00+00:00
410,113 POLO-Musterstadt,DE00999940000000001835,-46.97,2018-11-25 12:00:00+00:00
411,TIGER Musterstadt- EURER,DE00999940000000001835,-49.99,2018-11-25 12:00:00+00:00
412,Deutsche Internet Apotheke,DE00999940000000001835,-25.99,2018-11-24 12:00:00+00:00
413,Max Mustermann,DE37672917000020134909,32.59,2018-11-24 12:00:00+00:00
414,Penny Musterstadt,DE00999940000000001835,-42.15,2018-11-23 12:00:00+00:00
415,MODEHAUS MUELLER,DE00999940000000001835,-29.99,2018-11-22 12:00:00+00:00
416,REWE Markt GmbH ZW,DE00999940000000001835,-58.78,2018-11-22 12:00:00+00:00
417,Shell Deutschland Oil GmbH,DE00999940000000001835,-48.76,2018-11-22 12:00:00+00:00
418,"AMAZON EU S.A R.L., NIEDERL ASSUNG DEUTSCHLAND",DE00999940000000001835,-42.15,2018-11-21 12:00:00+00:00
419,TIGER Musterstadt- EURER,DE00999940000000001835,-56.25,2018-11-20 12:00:00+00:00
420,TOTAL DEUTSCHLAND GM,DE00999940000000001835,-52.34,2018-11-20 12:00:00+00:00
421,0,DE00999940000000001835,-60.0,2018-11-20 12:00:00+00:00
422,V PAY,DE00999940000000001835,-54.68,2018-11-19 12:00:00+00:00
423,HEM-Musterstadt 76,DE00999940000000001835,-56.42,2018-11-19 12:00:00+00:00
424,TOTAL DEUTSCHLAND GM,DE00999940000000001835,-72.54,2018-11-18 12:00:00+00:00
425,OPTIKER BODE GMBH,DE00999940000000001835,-50.99,2018-11-18 12:00:00+00:00
426,"AMAZON EU S.A R.L., NIEDERL ASSUNG DEUTSCHLAND",DE00999940000000001835,-49.59,2018-11-17 12:00:00+00:00
427,Shell Deutschland Oil GmbH,DE00999940000000001835,-72.54,2018-11-16 12:00:00+00:00
428,ARAL AG,DE00999940000000001835,-26.68,2018-11-16 12:00:00+00:00
429,V PAY,DE00999940000000001835,-26.45,2018-11-16 12:00:00+00:00
430,Telefonica Germany GmbH,DE00999940000000001835,-37.97,2018-11-15 12:00:00+00:00
431,NORMA SAGT DANKE,DE00999940000000001835,-111.33,2018-11-15 12:00:00+00:00
432,Deutsche Tamoil GmbH,DE00999940000000001835,-45.62,2018-11-14 12:00:00+00:00
433,Shell Deutschland Oil GmbH,DE00999940000000001835,-23.56,2018-11-14 12:00:00+00:00
434,BAUHAUS Musterstadt,DE00999940000000001835,-62.99,2018-11-14 12:00:00+00:00
435,V PAY,DE00999940000000001835,-26.45,2018-11-14 12:00:00+00:00
436,GO-Musterstadt 627,DE00999940000000001835,-17.56,2018-11-14 12:00:00+00:00
437,BAUHAUS Musterstadt,DE00999940000000001835,-67.8,2018-11-14 12:00:00+00:00
438,ROSSMANN VIELEN DANK,DE00999940000000001835,-46.32,2018-11-14 12:00:00+00:00
439,E.ON Energie Deutschland,DE00999940000000001835,-89.0,2018-11-13 12:00:00+00:00
440,TAMOIL GMBH,DE00999940000000001835,-78.54,2018-11-13 12:00:00+00:00
441,Deutsche Internet Apotheke,DE00999940000000001835,-60.24,2018-11-13 12:00:00+00:00
442,PayPal Europe S.a.r.l. et C ie S.C.A,DE00999940000000001835,-12.45,2018-11-13 12:00:00+00:00
443,A.T.U AUTO-TEILE-UNGER,DE00999940000000001835,-42.99,2018-11-13 12:00:00+00:00
444,DEICHMANN SCHUHE,DE00999940000000001835,-79.99,2018-11-13 12:00:00+00:00
445,HERZ-APOTHEKE IM RIKO,DE00999940000000001835,-12.99,2018-11-13 12:00:00+00:00
446,Asklepios Klinik Musterstadt,DE00999940000000001835,-63.13,2018-11-13 12:00:00+00:00
447,HAUPTBAHNHOF APOTHEKE,DE00999940000000001835,-13.99,2018-11-13 12:00:00+00:00
448,NKD,DE00999940000000001835,-18.45,2018-11-13 12:00:00+00:00
449,Shell Deutschland Oil GmbH,DE00999940000000001835,-62.54,2018-11-13 12:00:00+00:00
450,2520 - GETRÄNKE HOFFMANN,DE00999940000000001835,-18.99,2018-11-13 12:00:00+00:00
451,"AMAZON EU S.A R.L., NIEDERL ASSUNG DEUTSCHLAND",DE00999940000000001835,-28.99,2018-11-13 12:00:00+00:00
452,Shell Deutschland Oil GmbH,DE00999940000000001835,-48.95,2018-11-12 12:00:00+00:00
453,VATTENFALL,DE00999940000000001835,-105.0,2018-11-11 12:00:00+00:00
454,Shell Deutschland Oil GmbH,DE00999940000000001835,-43.12,2018-11-11 12:00:00+00:00
455,DETLEV LOUIS GMBH,DE00999940000000001835,-76.82,2018-11-11 12:00:00+00:00
456,V PAY,DE00999940000000001835,-35.45,2018-11-11 12:00:00+00:00
457,"JET-TANK. 5229, OFFENAU",DE00999940000000001835,-54.87,2018-11-10 12:00:00+00:00
458,PayPal Europe S.a.r.l. et C ie S.C.A,DE00999940000000001835,-39.99,2018-11-09 12:00:00+00:00
459,A.T.U AUTO-TEILE-UNGER,DE00999940000000001835,-32.59,2018-11-09 12:00:00+00:00
460,0,DE00999940000000001835,-60.0,2018-11-09 12:00:00+00:00
461,Shell Deutschland Oil GmbH,DE00999940000000001835,-35.68,2018-11-09 12:00:00+00:00
462,"EC-POS EMV  5 1 GEB.EU 0,00",DE00999940000000001835,-36.48,2018-11-09 12:00:00+00:00
463,mediserv GmbH,DE00999940000000001835,-62.55,2018-11-08 12:00:00+00:00
464,Shell Deutschland Oil GmbH,DE00999940000000001835,-35.89,2018-11-07 12:00:00+00:00
465,ARAL AG,DE00999940000000001835,-42.58,2018-11-07 12:00:00+00:00
466,ARAL AG,DE00999940000000001835,-54.66,2018-11-06 12:00:00+00:00
467,TOTAL DEUTSCHLAND GM,DE00999940000000001835,-54.87,2018-11-06 12:00:00+00:00
468,2520 - GETRÄNKE HOFFMANN,DE00999940000000001835,-22.69,2018-11-06 12:00:00+00:00
469,IKEA 325 Musterstadt,DE00999940000000001835,-120.37,2018-11-06 12:00:00+00:00
470,Asklepios Klinik Musterstadt,DE00999940000000001835,-63.13,2018-11-05 12:00:00+00:00
471,Musterstadter Wasserwerke,DE00999940000000001835,-33.0,2018-11-04 12:00:00+00:00
472,Max Mustermann,DE07760000000076001615,380.0,2018-11-04 12:00:00+00:00
473,PayPal Europe S.a.r.l. et C ie S.C.A,DE00999940000000001835,-4.39,2018-11-04 12:00:00+00:00
474,DKV DEUTSCHE KRANKENVERS.AG 40198 DUESSELDORF,DE00999940000000001835,-232.07,2018-11-03 12:00:00+00:00
475,COSMOS Leben,DE00999940000000001835,-37.33,2018-11-03 12:00:00+00:00
476,CONTINENTALE/EUROPA VERBUND,DE00999940000000001835,-21.56,2018-11-03 12:00:00+00:00
477,BAYERISCHE BEAMTENKRANKENKA SSE AG,DE00999940000000001835,-478.39,2018-11-03 12:00:00+00:00
478,PayPal Europe S.a.r.l. et C ie S.C.A,DE00999940000000001835,-27.59,2018-11-03 12:00:00+00:00
479,ARAL AG,DE00999940000000001835,-32.68,2018-11-03 12:00:00+00:00
480,TIGER Musterstadt- EURER,DE00999940000000001835,-19.99,2018-11-03 12:00:00+00:00
481,HAUPTBAHNHOF APOTHEKE,DE00999940000000001835,-23.45,2018-11-02 12:00:00+00:00
482,POLO Shop Musterstadt,DE00999940000000001835,-61.97,2018-11-02 12:00:00+00:00
483,Deutsche Internet Apotheke,DE00999940000000001835,-140.85,2018-11-02 12:00:00+00:00
484,TAMOIL GMBH,DE00999940000000001835,-45.31,2018-11-01 12:00:00+00:00
485,HERZ-APOTHEKE IM RIKO,DE00999940000000001835,-25.66,2018-11-01 12:00:00+00:00
486,"JET-TANK. 5229, OFFENAU",DE00999940000000001835,-64.25,2018-11-01 12:00:00+00:00
487,MODEHAUS MUELLER,DE00999940000000001835,-105.64,2018-11-01 12:00:00+00:00
488,DEICHMANN SCHUHE,DE00999940000000001835,-82.56,2018-11-01 12:00:00+00:00
489,GWG Gesellschaft für Wohnun gs- und Gewerbebau Baden-Wü,DE00999940000000001835,-778.81,2018-10-30 12:00:00+00:00
490,PLAN INTERNATIONAL DEUTSCHL,DE00999940000000001835,-25.0,2018-10-30 12:00:00+00:00
491,Condor Lebensversicherungs- Aktiengesellschaft,DE00999940000000001835,-85.0,2018-10-30 12:00:00+00:00
492,2520 - GETRÄNKE HOFFMANN,DE00999940000000001835,-18.45,2018-10-30 12:00:00+00:00
493,CHARLES VOEGELE MODE,DE00999940000000001835,-32.65,2018-10-30 12:00:00+00:00
494,RAIFF TS DOEMNITZ,DE00999940000000001835,-14.63,2018-10-30 12:00:00+00:00
495,V PAY,DE00999940000000001835,-26.45,2018-10-30 12:00:00+00:00
496,ROSSMANN VIELEN DANK,DE00999940000000001835,-50.04,2018-10-30 12:00:00+00:00
497,RENO SCHUH GMBH FIL.1411,DE00999940000000001835,-19.99,2018-10-30 12:00:00+00:00
498,"JET-TANK. 5229, OFFENAU",DE00999940000000001835,-56.35,2018-10-29 12:00:00+00:00
499,"AMAZON EU S.A R.L., NIEDERL ASSUNG DEUTSCHLAND",DE00999940000000001835,-29.99,2018-10-29 12:00:00+00:00
500,"AMAZON EU S.A R.L., NIEDERL ASSUNG DEUTSCHLAND",DE00999940000000001835,-27.82,2018-10-28 12:00:00+00:00
501,ARAL AG,DE00999940000000001835,-56.45,2018-10-28 12:00:00+00:00
502,DETLEV LOUIS GMBH,DE00999940000000001835,-1325.98,2018-10-28 12:00:00+00:00
503,unimed,DE00999940000000001835,-19.23,2018-10-28 12:00:00+00:00
504,HAGEBAU Musterstadt DANKT,DE00999940000000001835,-39.45,2018-10-26 12:00:00+00:00
505,Max Mustermann,DE40700202700865285884,3261.77,2018-10-25 12:00:00+00:00
506,HAUPTBAHNHOF APOTHEKE,DE00999940000000001835,-12.78,2018-10-25 12:00:00+00:00
507,"AMAZON EU S.A R.L., NIEDERL ASSUNG DEUTSCHLAND",DE00999940000000001835,-17.99,2018-10-25 12:00:00+00:00
508,"DANKE, IHR LIDL",DE00999940000000001835,-32.56,2018-10-24 12:00:00+00:00
509,V PAY,DE00999940000000001835,-12.45,2018-10-24 12:00:00+00:00
510,2554 /W.HOYER KG,DE00999940000000001835,-32.45,2018-10-24 12:00:00+00:00
511,V PAY,DE00999940000000001835,-45.78,2018-10-24 12:00:00+00:00
512,PayPal Europe S.a.r.l. et C ie S.C.A,DE00999940000000001835,-25.46,2018-10-23 12:00:00+00:00
513,UniCredit Bank AG,DE00999940000000001835,-200.0,2018-10-23 12:00:00+00:00
514,HEM-Musterstadt 76,DE00999940000000001835,-42.56,2018-10-23 12:00:00+00:00
515,"AMAZON EU S.A R.L., NIEDERL ASSUNG DEUTSCHLAND",DE00999940000000001835,-25.78,2018-10-22 12:00:00+00:00
516,IKEA 325 Musterstadt,DE00999940000000001835,-539.83,2018-10-21 12:00:00+00:00
517,Shell Deutschland Oil GmbH,DE00999940000000001835,-25.68,2018-10-21 12:00:00+00:00
518,PayPal Europe S.a.r.l. et C ie S.C.A,DE00999940000000001835,-42.56,2018-10-20 12:00:00+00:00
519,Shell Deutschland Oil GmbH,DE00999940000000001835,-32.75,2018-10-20 12:00:00+00:00
520,TKMAXX Musterstadt,DE00999940000000001835,-75.31,2018-10-20 12:00:00+00:00
521,TAMOIL GMBH,DE00999940000000001835,-32.45,2018-10-19 12:00:00+00:00
522,"AMAZON EU S.A R.L., NIEDERL ASSUNG DEUTSCHLAND",DE00999940000000001835,-12.99,2018-10-18 12:00:00+00:00
523,PayPal Europe S.a.r.l. et C ie S.C.A,DE00999940000000001835,-12.99,2018-10-18 12:00:00+00:00
524,"AMAZON EU S.A R.L., NIEDERL ASSUNG DEUTSCHLAND",DE00999940000000001835,-32.95,2018-10-17 12:00:00+00:00
525,Penny Musterstadt,DE00999940000000001835,-35.45,2018-10-16 12:00:00+00:00
526,TOTAL DEUTSCHLAND GM,DE00999940000000001835,-62.35,2018-10-16 12:00:00+00:00
527,Telefonica Germany GmbH,DE00999940000000001835,-37.97,2018-10-15 12:00:00+00:00
528,Stadtreinigung Musterstadt,DE00999940000000001835,-65.22,2018-10-15 12:00:00+00:00
529,"Rundfunk ARD, ZDF, DRadio",DE00999940000000001835,-52.5,2018-10-15 12:00:00+00:00
530,BAUHAUS Musterstadt,DE00999940000000001835,-26.4,2018-10-15 12:00:00+00:00
531,0,DE00999940000000001835,-60.0,2018-10-15 12:00:00+00:00
532,Shell Deutschland Oil GmbH,DE00999940000000001835,-18.74,2018-10-14 12:00:00+00:00
533,Shell Deutschland Oil GmbH,DE00999940000000001835,-42.35,2018-10-14 12:00:00+00:00
534,E.ON Energie Deutschland,DE00999940000000001835,-89.0,2018-10-13 12:00:00+00:00
535,REWE Markt GmbH ZW,DE00999940000000001835,-54.56,2018-10-13 12:00:00+00:00
536,Penny Musterstadt,DE00999940000000001835,-25.64,2018-10-13 12:00:00+00:00
537,V PAY,DE00999940000000001835,-48.76,2018-10-13 12:00:00+00:00
538,Die PVS SH - HH,DE00999940000000001835,-55.55,2018-10-13 12:00:00+00:00
539,ROSSMANN VIELEN DANK,DE00999940000000001835,-21.56,2018-10-12 12:00:00+00:00
540,Shell Deutschland Oil GmbH,DE00999940000000001835,-61.99,2018-10-12 12:00:00+00:00
541,0,DE00999940000000001835,-60.0,2018-10-12 12:00:00+00:00
542,HAUPTBAHNHOF APOTHEKE,DE00999940000000001835,-8.99,2018-10-12 12:00:00+00:00
543,VATTENFALL,DE00999940000000001835,-105.0,2018-10-11 12:00:00+00:00
544,ARAL AG,DE00999940000000001835,-25.9,2018-10-11 12:00:00+00:00
545,TOTAL DEUTSCHLAND GM,DE00999940000000001835,-65.98,2018-10-11 12:00:00+00:00
546,RENO SCHUH GMBH FIL.1411,DE00999940000000001835,-32.99,2018-10-10 12:00:00+00:00
547,TOTAL DEUTSCHLAND GM,DE00999940000000001835,-65.14,2018-10-10 12:00:00+00:00
548,113 POLO-Musterstadt,DE00999940000000001835,-69.93,2018-10-10 12:00:00+00:00
549,Alraune gGmbH,DE00999940000000001835,-20.0,2018-10-09 12:00:00+00:00
550,C+A Musterstadt SF,DE00999940000000001835,-22.34,2018-10-09 12:00:00+00:00
551,unimed,DE00999940000000001835,-19.23,2018-10-06 12:00:00+00:00
552,HERZ-APOTHEKE IM RIKO,DE00999940000000001835,-7.99,2018-10-05 12:00:00+00:00
553,TAMOIL GMBH,DE00999940000000001835,-73.25,2018-10-05 12:00:00+00:00
554,HEM-Musterstadt 76,DE00999940000000001835,-23.45,2018-10-05 12:00:00+00:00
555,POLO Shop Musterstadt,DE00999940000000001835,-64.99,2018-10-05 12:00:00+00:00
556,PayPal Europe S.a.r.l. et C ie S.C.A,DE00999940000000001835,-22.99,2018-10-05 12:00:00+00:00
557,Musterstadter Wasserwerke,DE00999940000000001835,-33.0,2018-10-04 12:00:00+00:00
558,Max Mustermann,DE07760000000076001615,380.0,2018-10-04 12:00:00+00:00
559,Shell Deutschland Oil GmbH,DE00999940000000001835,-33.54,2018-10-04 12:00:00+00:00
560,Asklepios Klinik Musterstadt,DE00999940000000001835,-63.13,2018-10-04 12:00:00+00:00
561,"JET-TANK. 5229, OFFENAU",DE00999940000000001835,-72.56,2018-10-04 12:00:00+00:00
562,DKV DEUTSCHE KRANKENVERS.AG 40198 DUESSELDORF,DE00999940000000001835,-232.07,2018-10-03 12:00:00+00:00
563,COSMOS Leben,DE00999940000000001835,-37.33,2018-10-03 12:00:00+00:00
564,CONTINENTALE/EUROPA VERBUND,DE00999940000000001835,-21.56,2018-10-03 12:00:00+00:00
565,BAYERISCHE BEAMTENKRANKENKA SSE AG,DE00999940000000001835,-478.39,2018-10-03 12:00:00+00:00
566,BD24 BERLIN DIREKT,DE00999940000000001835,-48.0,2018-10-03 12:00:00+00:00
567,0,DE00999940000000001835,-60.0,2018-10-03 12:00:00+00:00
568,PayPal Europe S.a.r.l. et C ie S.C.A,DE00999940000000001835,-4.56,2018-10-03 12:00:00+00:00
569,GO-Musterstadt 627,DE00999940000000001835,-32.45,2018-10-03 12:00:00+00:00
570,C+A Musterstadt SF,DE00999940000000001835,-19.55,2018-10-02 12:00:00+00:00
571,NKD,DE00999940000000001835,-23.54,2018-10-01 12:00:00+00:00
572,HERM TS MOSBACH,DE00999940000000001835,-45.98,2018-10-01 12:00:00+00:00
573,MODEHAUS MUELLER,DE00999940000000001835,-70.99,2018-10-01 12:00:00+00:00
574,GWG Gesellschaft für Wohnun gs- und Gewerbebau Baden-Wü,DE00999940000000001835,-778.81,2018-09-30 12:00:00+00:00
575,PLAN INTERNATIONAL DEUTSCHL,DE00999940000000001835,-25.0,2018-09-30 12:00:00+00:00
576,Condor Lebensversicherungs- Aktiengesellschaft,DE00999940000000001835,-85.0,2018-09-30 12:00:00+00:00
577,TIGER Musterstadt- EURER,DE00999940000000001835,-55.0,2018-09-30 12:00:00+00:00
578,BAUHAUS Musterstadt,DE00999940000000001835,-118.4,2018-09-29 12:00:00+00:00
579,TAMOIL GMBH,DE00999940000000001835,-23.45,2018-09-29 12:00:00+00:00
580,Shell Deutschland Oil GmbH,DE00999940000000001835,-32.54,2018-09-29 12:00:00+00:00
581,Shell Deutschland Oil GmbH,DE00999940000000001835,-23.46,2018-09-29 12:00:00+00:00
582,Itzehoer Versicherun,DE00999940000000001835,-41.07,2018-09-28 12:00:00+00:00
583,BUNDESKASSE IN KIEL,DE00999940000000001835,-148.0,2018-09-28 12:00:00+00:00
584,"AMAZON EU S.A R.L., NIEDERL ASSUNG DEUTSCHLAND",DE00999940000000001835,-25.69,2018-09-27 12:00:00+00:00
585,Max Mustermann,DE40700202700865285884,3261.77,2018-09-26 12:00:00+00:00
586,unimed,DE00999940000000001835,-19.23,2018-09-25 12:00:00+00:00
587,RAIFF TS DOEMNITZ,DE00999940000000001835,-14.63,2018-09-24 12:00:00+00:00
588,TOTAL DEUTSCHLAND GM,DE00999940000000001835,-48.38,2018-09-24 12:00:00+00:00
589,"AMAZON EU S.A R.L., NIEDERL ASSUNG DEUTSCHLAND",DE00999940000000001835,-18.99,2018-09-24 12:00:00+00:00
590,PENNY SAGT DANKE. 31300324,DE00999940000000001835,-26.45,2018-09-24 12:00:00+00:00
591,Die PVS SH - HH,DE00999940000000001835,-55.55,2018-09-23 12:00:00+00:00
592,Max Mustermann,DE93500500000090085135,193.45,2018-09-22 12:00:00+00:00
593,NKD,DE00999940000000001835,-29.28,2018-09-22 12:00:00+00:00
594,V PAY,DE00999940000000001835,-11.35,2018-09-22 12:00:00+00:00
595,2520 - GETRÄNKE HOFFMANN,DE00999940000000001835,-29.35,2018-09-22 12:00:00+00:00
596,TOTAL DEUTSCHLAND GM,DE00999940000000001835,-32.48,2018-09-21 12:00:00+00:00
597,"EC-POS EMV  5 1 GEB.EU 0,00",DE00999940000000001835,-32.48,2018-09-21 12:00:00+00:00
598,HERM TS MOSBACH,DE00999940000000001835,-35.67,2018-09-21 12:00:00+00:00
599,GA NR00000959 BLZ70020270 5,DE00999940000000001835,-70.0,2018-09-21 12:00:00+00:00
600,PayPal Europe S.a.r.l. et C ie S.C.A,DE00999940000000001835,-72.56,2018-09-21 12:00:00+00:00
601,RENO SCHUH GMBH FIL.1411,DE00999940000000001835,-107.8,2018-09-21 12:00:00+00:00
602,Shell Deutschland Oil GmbH,DE00999940000000001835,-42.56,2018-09-20 12:00:00+00:00
603,Alraune gGmbH,DE00999940000000001835,-20.0,2018-09-20 12:00:00+00:00
604,DEICHMANN SCHUHE,DE00999940000000001835,-23.99,2018-09-18 12:00:00+00:00
605,HERM TS MOSBACH,DE00999940000000001835,-35.63,2018-09-18 12:00:00+00:00
606,PayPal Europe S.a.r.l. et C ie S.C.A,DE00999940000000001835,-23.45,2018-09-17 12:00:00+00:00
607,unimed,DE00999940000000001835,-19.23,2018-09-17 12:00:00+00:00
608,Alraune gGmbH,DE00999940000000001835,-20.0,2018-09-17 12:00:00+00:00
609,HAUPTBAHNHOF APOTHEKE,DE00999940000000001835,-14.95,2018-09-17 12:00:00+00:00
610,Telefonica Germany GmbH,DE00999940000000001835,-37.97,2018-09-16 12:00:00+00:00
611,CHARLES VOEGELE MODE,DE00999940000000001835,-19.99,2018-09-16 12:00:00+00:00
612,0,DE00999940000000001835,-75.0,2018-09-16 12:00:00+00:00
613,RAIFF TS DOEMNITZ,DE00999940000000001835,-14.63,2018-09-15 12:00:00+00:00
614,E.ON Energie Deutschland,DE00999940000000001835,-89.0,2018-09-14 12:00:00+00:00
615,OIL TANKSTELLEN GMBH COKG,DE00999940000000001835,-12.65,2018-09-14 12:00:00+00:00
616,"DANKE, IHR LIDL",DE00999940000000001835,-35.49,2018-09-14 12:00:00+00:00
617,DEICHMANN SCHUHE,DE00999940000000001835,-64.75,2018-09-14 12:00:00+00:00
618,Shell Deutschland Oil GmbH,DE00999940000000001835,-45.21,2018-09-13 12:00:00+00:00
619,mediserv GmbH,DE00999940000000001835,-62.55,2018-09-13 12:00:00+00:00
620,"DANKE, IHR LIDL",DE00999940000000001835,-48.52,2018-09-13 12:00:00+00:00
621,VATTENFALL,DE00999940000000001835,-105.0,2018-09-12 12:00:00+00:00
622,CHARLES VOEGELE MODE,DE00999940000000001835,-65.95,2018-09-12 12:00:00+00:00
623,Alraune gGmbH,DE00999940000000001835,-20.0,2018-09-11 12:00:00+00:00
624,Shell Deutschland Oil GmbH,DE00999940000000001835,-25.68,2018-09-11 12:00:00+00:00
625,TOTAL DEUTSCHLAND GM,DE00999940000000001835,-53.26,2018-09-11 12:00:00+00:00
626,TKMAXX Musterstadt,DE00999940000000001835,-56.74,2018-09-10 12:00:00+00:00
627,OPTIKER BODE GMBH,DE00999940000000001835,-5.97,2018-09-10 12:00:00+00:00
628,PayPal Europe S.a.r.l. et C ie S.C.A,DE00999940000000001835,-17.99,2018-09-09 12:00:00+00:00
629,PayPal Europe S.a.r.l. et C ie S.C.A,DE00999940000000001835,-23.45,2018-09-08 12:00:00+00:00
630,PayPal Europe S.a.r.l. et C ie S.C.A,DE00999940000000001835,-2.64,2018-09-07 12:00:00+00:00
631,"AMAZON EU S.A R.L., NIEDERL ASSUNG DEUTSCHLAND",DE00999940000000001835,-29.59,2018-09-06 12:00:00+00:00
632,GO-Musterstadt 627,DE00999940000000001835,-23.45,2018-09-06 12:00:00+00:00
633,Musterstadter Wasserwerke,DE00999940000000001835,-33.0,2018-09-05 12:00:00+00:00
634,Max Mustermann,DE07760000000076001615,380.0,2018-09-05 12:00:00+00:00
635,"AMAZON EU S.A R.L., NIEDERL ASSUNG DEUTSCHLAND",DE00999940000000001835,-15.44,2018-09-05 12:00:00+00:00
636,CHARLES VOEGELE MODE,DE00999940000000001835,-29.95,2018-09-05 12:00:00+00:00
637,Shell Deutschland Oil GmbH,DE00999940000000001835,-13.28,2018-09-05 12:00:00+00:00
638,"AMAZON EU S.A R.L., NIEDERL ASSUNG DEUTSCHLAND",DE00999940000000001835,-44.95,2018-09-05 12:00:00+00:00
639,0,DE00999940000000001835,-60.0,2018-09-05 12:00:00+00:00
640,HERZ-APOTHEKE IM RIKO,DE00999940000000001835,-23.45,2018-09-05 12:00:00+00:00
641,0,DE00999940000000001835,-56.84,2018-09-05 12:00:00+00:00
642,DKV DEUTSCHE KRANKENVERS.AG 40198 DUESSELDORF,DE00999940000000001835,-232.07,2018-09-04 12:00:00+00:00
643,COSMOS Leben,DE00999940000000001835,-37.33,2018-09-04 12:00:00+00:00
644,CONTINENTALE/EUROPA VERBUND,DE00999940000000001835,-21.56,2018-09-04 12:00:00+00:00
645,BAYERISCHE BEAMTENKRANKENKA SSE AG,DE00999940000000001835,-478.39,2018-09-04 12:00:00+00:00
646,Generali Versicherungen,DE00999940000000001835,-8.44,2018-09-04 12:00:00+00:00
647,TKMAXX Musterstadt,DE00999940000000001835,-22.98,2018-09-03 12:00:00+00:00
648,NORMA SAGT DANKE,DE00999940000000001835,-111.33,2018-09-03 12:00:00+00:00
649,0,DE00999940000000001835,-42.56,2018-09-03 12:00:00+00:00
650,PayPal Europe S.a.r.l. et C ie S.C.A,DE00999940000000001835,-14.48,2018-09-03 12:00:00+00:00
651,PayPal Europe S.a.r.l. et C ie S.C.A,DE00999940000000001835,-4.72,2018-09-03 12:00:00+00:00
652,Shell Deutschland Oil GmbH,DE00999940000000001835,-35.89,2018-09-03 12:00:00+00:00
653,Asklepios Klinik Musterstadt,DE00999940000000001835,-63.13,2018-09-03 12:00:00+00:00
654,PayPal Europe S.a.r.l. et C ie S.C.A,DE00999940000000001835,-65.48,2018-09-02 12:00:00+00:00
655,PayPal Europe S.a.r.l. et C ie S.C.A,DE00999940000000001835,-34.33,2018-09-02 12:00:00+00:00
656,REWE Markt GmbH ZW,DE00999940000000001835,-56.43,2018-09-02 12:00:00+00:00
657,GWG Gesellschaft für Wohnun gs- und Gewerbebau Baden-Wü,DE00999940000000001835,-778.81,2018-09-01 12:00:00+00:00
658,PLAN INTERNATIONAL DEUTSCHL,DE00999940000000001835,-25.0,2018-09-01 12:00:00+00:00
659,Condor Lebensversicherungs- Aktiengesellschaft,DE00999940000000001835,-85.0,2018-09-01 12:00:00+00:00
660,"AMAZON EU S.A R.L., NIEDERL ASSUNG DEUTSCHLAND",DE00999940000000001835,-119.99,2018-09-01 12:00:00+00:00
661,RAIFF TS DOEMNITZ,DE00999940000000001835,-14.63,2018-09-01 12:00:00+00:00
